Function,String Count,Total Characters,Translated,NPC/Event
0096H,3,104,Yes,angplank
00A0H,9,405,Yes,應該是系統用文本，不確定
00B2H,1,11,Yes,無需翻譯
00D1H,4,64,Yes,完成翻譯
00D2H,1,11,Yes,無需翻譯
00D7H,1,11,Yes,無需翻譯
00E1H,1,11,Yes,無需翻譯
00E4H,229,1407,Yes,完成翻譯
00E6H,143,968,Yes,Frigidazzi
00F3H,1,11,Yes,無需翻譯
00F6H,1,11,Yes,無需翻譯
00F9H,77,477,Yes,完成翻譯
00FAH,19,269,Yes,N完成翻譯
00FBH,3,72,Yes,完成翻譯
0102H,2,29,Yes,完成翻譯
0103H,286,8122,Yes,Ernesto
0105H,2,63,Yes,完成翻譯
0109H,33,314,Yes,enka (他的)
010EH,2,33,Yes,完成翻譯
0112H,13,157,Yes,完成翻譯
011CH,7,104,Yes,完成翻譯
011EH,5,63,Yes,完成翻譯
0122H,1,11,Yes,無需翻譯
0123H,1,11,Yes,無需翻譯
0124H,2,37,Yes,Filbercio
0128H,2,32,Yes,完成翻譯
012EH,1,11,Yes,無需翻譯
012FH,1,11,Yes,無需翻譯
0133H,1,11,Yes,無需翻譯
013DH,31,241,Yes,完成翻譯
013EH,63,360,Yes,完成翻譯
0146H,1,11,Yes,無需翻譯
014AH,1,11,Yes,無需翻譯
014EH,1,11,Yes,無需翻譯
0150H,1,11,Yes,無需翻譯
0151H,183,1402,Yes,完成翻譯
0152H,1,11,Yes,無需翻譯
0154H,4,53,Yes,魔法物品施放效果腳本，處理法杖/魔杖各種效果
0162H,44,212,Yes,Pomdirgun（哥布林王）與聖者交鋒的完整對話，涉及 Simon 間諜身分與蒙利多頭盔
016BH,7,116,Yes,僕役/怪物的隨機浮動台詞（「我要眼球！」「是的，女主人！」等），含自動攻擊同類邏輯
0175H,98,402,Yes,大地之蛇的覺醒對話——揭示巨蛇法杖/護甲/皇冠任務、混沌之蛇重組使命，並交代失衡之戰世界觀
0178H,2,33,Yes,機械裝置腳本，唯一台詞為聖者被強制移動時說出「@身不由己……@」
0179H,1,11,Yes,無需翻譯
017BH,205,1260,No,盧恩符文文本(先跳過)
017DH,269,2676,Yes,Fawn 守衛通用對話，包含盤查陌生人（聖者）、護衛邏輯（法律規定保護美貌），以及對風暴、哥布林的看法
0194H,1,11,Yes,無需翻譯
019CH,1,11,Yes,無需翻譯
01AFH,1,11,Yes,無需翻譯
01B0H,1,11,Yes,無需翻譯
01B1H,1,11,Yes,無需翻譯
01B2H,2,29,Yes,「早就該來了！」
01B3H,1,11,Yes,無需翻譯
01BDH,1,11,Yes,無需翻譯
01C3H,187,1526,Yes,蒙利多城騎士授封晚宴完整場景：各指揮部致辭、騎士考驗問答、叛徒揭發、Cantra失蹤事件
01C7H,197,1797,Yes,月影城法師法庭審判：Filbercio 審判擅闖 Frigidazzi 閨房的聖者，含品行證人與多個玩家選擇分支
01C8H,1,11,Yes,無需翻譯
01D0H,1,11,Yes,無需翻譯
01D1H,32,147,Yes,Iolo 在蒙利多城牢中為 Gwenno 吟唱思念之歌，並向聖者求救；含傳送風暴降臨時隊友的反應台詞
01D3H,1,11,Yes,無需翻譯
01D6H,3,108,Yes,水井曲柄的提示台詞：提醒玩家使用水桶打水
01D7H,1,11,Yes,無需翻譯
01DCH,1,11,Yes,無需翻譯
01DEH,2,27,Yes,浮動台詞：「殺死聖者！」
01DFH,2,32,Yes,生成野狼的互動效果與失敗提示
01E1H,2,20,Yes,物品燃盡提示：「燒盡」
01E2H,1,11,Yes,無需翻譯
01E3H,1,11,Yes,無需翻譯
01E5H,3,62,Yes,使用鑰匙圈失敗的提示：「我們沒有那把鑰匙。」、「它不在鑰匙圈上。」
01EFH,10,101,Yes,貓咪互動台詞（喵、討厭貓等）
01F0H,5,42,Yes,狗的互動台詞（好狗狗、汪汪叫）
01F4H,4,29,Yes,牛的互動台詞（哞）
01F8H,1,11,Yes,無需翻譯
01F9H,1,11,Yes,無需翻譯
01FAH,1,11,Yes,無需翻譯
0202H,1,11,Yes,無需翻譯
0204H,1,11,Yes,無需翻譯
0207H,1,11,Yes,無需翻譯
020AH,2,17,Yes,物品上鎖的提示（上鎖了）
020EH,1,11,Yes,無需翻譯
0215H,1,11,Yes,無需翻譯
0219H,1,11,Yes,無需翻譯
0235H,36,355,Yes,Frigidazzi 與聖者過夜的劇情，包含隊友迴避及隔天早上的對話與贈送斗篷
0247H,2,52,Yes,睡袋使用空間不足提示
024CH,2,30,Yes,觸發犧牲品（Victim）台詞
0253H,1,11,Yes,無需翻譯
025FH,1,11,Yes,無需翻譯
0266H,16,316,Yes,音樂盒播放與切換音樂的互動，包含隊友對各曲目（如Stones等）的回饋台詞
0268H,1,11,Yes,無需翻譯
0269H,1,11,Yes,無需翻譯
0273H,8,148,Yes,開鎖器互動（解鎖成功、開鎖器斷裂、無效提示）
0275H,1,11,Yes,無需翻譯
0276H,1,11,Yes,無需翻譯
0280H,1,11,Yes,無需翻譯
0281H,6,55,Yes,鑰匙與鑰匙圈互動（解鎖、加入鑰匙圈、鑰匙在裡面等提示）
0282H,305,31648,Yes,書籍與卷軸內容
0284H,7,71,Yes,擲硬幣（猜正反面的互動台詞）
0285H,3,97,Yes,沉睡公牛(Sleeping Bull)兌換貨幣的提示
0286H,3,76,Yes,巨蛇之島無法兌換該貨幣的提示
0288H,4,70,Yes,不要浪費物品的警告台詞
0289H,14,251,Yes,雜項物品互動（吹哨子叫狗失敗、法術書分解、不要綁人、別把繩子留下等）
028AH,10,72,Yes,六分儀方位
028BH,3,92,Yes,紡車空轉警告提示
028CH,13,229,Yes,紋身師（Lydia）施刺青場景及同伴互動台詞
028DH,1,11,Yes,無需翻譯
028EH,1,11,Yes,無需翻譯
0291H,1,11,Yes,無需翻譯
0294H,114,532,Yes,幼鹿城夫人 Yelinda 在沼澤中的完整對話，涉及美麗之梳、Columna、Jorvin、Ruggs
0296H,11,229,Yes,釣魚時的系統提示與同伴對話
0298H,1,11,Yes,無需翻譯
0299H,13,205,Yes,遇到三位女巫 Drusilla、Rieya、Solaria 的對話
02A3H,117,1589,Yes,特殊物品互動與彩蛋
02A6H,1,11,Yes,無需翻譯
02AFH,5,68,Yes,傳送風暴/雷擊迷失
02B1H,1,11,Yes,無需翻譯
02B2H,1,11,Yes,無需翻譯
02B4H,1,11,Yes,無需翻譯
02B5H,1,11,Yes,無需翻譯
02B7H,4,14,Yes,時間（點）補 0
02B8H,1,11,Yes,無需翻譯
02BAH,2,75,Yes,聖者點擊剪刀的提示語
02BDH,1,11,Yes,無需翻譯
02BEH,89,301,Yes,孵化鳳凰蛋與鳳凰( Phoenix / Skyrise )的對話
02C0H,1,11,Yes,無需翻譯
02C1H,317,60600,Yes,大型書籍文本腳本，包含超過40本遊戲內書籍，提供世界觀、背景、魔法知識及人物傳記等資訊
02C3H,88,16080,Yes,大型書籍文本腳本，包含大教主筆記、智者施泰克的詩、重新統一儀式等內容
02C4H,1,11,Yes,無需翻譯
02C5H,155,1290,Yes,盧恩符文(先不翻譯)
02CAH,1,11,Yes,無需翻譯
02CFH,1,11,Yes,無需翻譯
02D3H,4,43,Yes,Iolo 的弩箭推銷
02D8H,97,257,Yes,Shriash (困在牆裡的小女孩/情感神廟)
02DAH,3,148,Yes,年輕人死亡的感嘆台詞
02DFH,2,120,Yes,這似乎是NPC關於訓練師的單句對話
02E3H,1,11,Yes,無需翻譯
02E4H,3,158,Yes,聖者關於用桶裝水的對話
02E5H,1,11,Yes,無需翻譯
02E6H,37,335,Yes,這似乎是某些過場/與NPC在臥室對話的情境（例如Shazzana贈送Gwani斗篷，以及Brendann的對話）
02E7H,1,11,Yes,無需翻譯
02E8H,3,65,Yes,似乎是測試或某個場景中稱讚聖者道德/冒著生命危險的對話
02E9H,1,11,Yes,無需翻譯
02F0H,1,11,Yes,無需翻譯
02F2H,1,11,Yes,無需翻譯
02F7H,5,13,Yes,施放魔法咒語
02F8H,3,79,Yes,@那些真漂亮。我敢肯定它們能賣...
0303H,4,63,Yes,啊……啊……哈啾！
030DH,3,108,Yes,@在放下跳板之前，必須先捲起船...
0310H,1,11,Yes,無需翻譯
0313H,3,69,Yes,@我來設定另一個拉桿……@
0314H,1,11,Yes,無需翻譯
0316H,3,80,Yes,@這艘船屬於別人。@
0319H,119,6322,Yes,Lord British (@全都死了……@)
031DH,242,42434,Yes,書籍/卷軸
031FH,3,41,Yes,@你好，頭顱。@
0320H,9,103,Yes,@有陷阱！@
0326H,32,63,Yes,(Daemon) 黑石劍的對話
0329H,4,53,Yes,@不！它一定會起作用的！@
032AH,1,11,Yes,無需翻譯
032BH,1,11,Yes,無需翻譯
032CH,3,45,Yes,@啊啊啊啊啊！！！！！！@
032DH,5,64,Yes,@誰想要這個？@
032EH,74,400,Yes,月影城法師晚宴相關對話與劇情
0334H,211,1282,Yes,盧恩符文(先不翻譯)
0336H,3,63,Yes,使用嬰兒用品與尿布的系統對話
0337H,11,276,Yes,畫畫與刺青相關的互動對話
0339H,1,11,Yes,無需翻譯
033BH,7,149,Yes,包紮傷口的提示與對話
033CH,1,11,Yes,無需翻譯
033DH,6,75,Yes,同伴因為閃電而感到害怕的對話
0345H,3,56,Yes,提示使用畫筆與顏料的對話
0346H,2,33,Yes,呼叫怪鳥 Ale 的對話
0347H,1,11,Yes,無需翻譯
034AH,1,11,Yes,無需翻譯
034DH,1,11,Yes,無需翻譯
0353H,3,102,Yes,提示用剪刀將布料剪成繃帶
0355H,127,568,Yes,混沌大祭司(Hierophant of Chaos)關於恢復混沌巨蛇的重要劇情對話
0357H,21,254,Yes,與神諭機器的互動及被電擊的提示對話
035FH,6,152,Yes,製作與烘烤麵包的動作與提示
0362H,5,95,Yes,Iolo與聖者關於金幣的幽默對話
0363H,126,8136,Yes,Thoxa Xenka 遊戲最開頭，攔路的女僧侶
0368H,1,11,Yes,無需翻譯
0369H,1,11,Yes,無需翻譯
036AH,30,199,Yes,與獵犬互動的對話與狗叫聲
036CH,1,11,Yes,無需翻譯
0370H,3,12,Yes,怪物被打敗時的放話
0373H,17,425,Yes,疑似與某種蛇形怪物(或石像鬼)的戰鬥相關對話
0375H,28,52,Yes,與馬兒史密斯(Smith the Horse)的夢中對話與提示
0377H,1,11,Yes,無需翻譯
0379H,1,11,Yes,無需翻譯
038AH,5,13,Yes,怪物嘲諷與被打敗時的放話
0395H,48,321,Yes,與陷阱獵人(Hazard the Trapper)的戰鬥對話
03A1H,1,11,Yes,無需翻譯
03A6H,3,45,Yes,使用某些物品或機關無效/壞掉時的提示
03A7H,1,11,Yes,無需翻譯
03A8H,1,11,Yes,無需翻譯
03B0H,2,16,Yes,吐口水(Ptui!)的聲音
03B1H,279,9235,Yes,與巨蛇之牙指揮官伊斯坦納(Isstanar)的對話，關於平衡鬥士、銀色種子與鑰匙圈
03B2H,153,10473,Yes,與巨蛇之牙治療師蘇洛克(Surok)的對話，提供治療、復活與情報
03B3H,231,7513,Yes,與巨蛇之牙副指揮官特桑達(Tsandar)的對話，提供軍事階級、秩序信條與無盡迷宮情報
03B5H,1,11,Yes,無需翻譯
03B6H,1,11,Yes,無需翻譯
03BBH,3,43,Yes,使用某種物品(可能是法杖)失敗時的抱怨
03BDH,108,3392,Yes,與怪物 Yurel 關於乳酪、球與身世的對話
03BEH,6,117,Yes,關於爬下去與需要繩子的對話
03C0H,2,31,Yes,吃到毒蘑菇時的反應對話
03CAH,5,73,Yes,對著羊使用的情境與咩聲對話
03CFH,142,629,Yes,與惡魔(Fiend, 前身為法師沙爾 Shal)的對話，關於戒指與法珠
03D0H,6,85,Yes,完成翻譯
03D2H,379,4753,Yes,龍 Draxinar（暱稱矮墩 Stumpy）的完整對話，含謎語、Aram-Dol、Arachnians、巨蛇之牙等資訊
03DBH,1,11,Yes,無需翻譯
03DCH,8,123,Yes,羅盤物件施咒腳本，含隊員隨機反應對話（保留咒語 Yleg Ort）
03DEH,1,11,Yes,無需翻譯
03E4H,1,11,Yes,無需翻譯
03E6H,2,27,Yes,劇情觸發腳本，NPC 說「好多了……」
03E9H,1,11,Yes,無需翻譯
03F2H,1,11,Yes,無需翻譯
03F3H,1,11,Yes,無需翻譯
03F5H,1,11,Yes,無需翻譯
03F7H,226,6455,Yes,巨蛇之牙秩序一階法師 Elissa 的完整對話，含身份盤問、護身符、Isstanar、平衡鬥士等
03FDH,7,162,Yes,採摘漿果互動腳本（已採光／採到了／背包滿）
0400H,12,80,Yes,這似乎是一些夢境、死亡威脅以及喚醒的零碎文本
0401H,121,825,Yes,Dupre (@什麼事，)
0402H,149,795,Yes,Shamino (「別死，我親愛的國王……」)
0403H,192,1223,Yes,Iolo wenno (@親愛的朋友……@)
0404H,181,4638,Yes,Andrio (day(日安))
0405H,2,29,Yes,Columna Melino (Columna 與 Melin...)
0406H,2,19,Yes,Gustacio
0407H,2,20,Yes,Torrissio
0408H,2,16,Yes,Ducio
0409H,2,16,Yes,Ducio
040AH,2,20,Yes,Filbercio
040BH,2,21,Yes,Rotoluncia
040CH,2,17,Yes,Canton
040DH,471,2562,Yes,Bucia (@那是什麼味道？@)
040EH,135,658,Yes,Columna (凡夫俗子)
040FH,261,922,Yes,Ducio (「我是工匠大師 Ducio 。...)
0410H,158,1168,Yes,Edrin (@喔，不！@)
0411H,373,1579,Yes,Fedabiblio (@早安)
0412H,241,942,Yes,Filbercio (他的)
0413H,141,816,Yes,Freli (@天啊！@)
0414H,83,415,Yes,Frigidazzi (@喔，是你！@)
0415H,1,11,Yes,無需翻譯
0416H,154,971,Yes,Gustacio (凡夫俗子)
0417H,380,3225,Yes,Julia (日安(day))
0418H,256,1135,Yes,Melino (凡夫俗子)
0419H,66,405,Yes,Rotoluncia (@打擾一下……@)
041AH,244,1548,Yes,Mortegro (@嗨，法師！@)
041BH,179,1011,Yes,Mosh (@能談談嗎？@)
041CH,246,1582,Yes,Petra (@你好。@)
041DH,474,26377,Yes,Stefano (@打擾一下……@)
041EH,277,1784,Yes,Rocco (@Petra ，拿酒來！@)
041FH,124,758,Yes,Rotoluncia (@女巫死了！@)
0420H,289,1339,Yes,Topo (@打擾一下……@)
0421H,294,13913,Yes,Torrissio (@能談談嗎？@)
0422H,135,1241,Yes,Boydon (@咳咳……@)
0423H,277,7816,Yes,Erstam (「終於，一生的勞力終於大功告成...)
0424H,158,1168,Yes,Vasel Erstam (@等一下，好兄弟。@)
0425H,9,131,Yes,@嘎！@
0426H,288,1479,Yes,Argus (@你好！@)
0427H,237,805,Yes,吟遊詩人 Byrin 的對話，包含關於夢境國度、兩座城堡(失落國王 Shamino)與北境野蠻人的傳說與歌曲
0428H,242,1262,Yes,船長 Hawk 的對話，包含他在監獄的原因、船隻 Arabella 、乘客情報與和其他 NPC (Flindo) 吵架的事件
0429H,238,1324,Yes,Devra (睡牛客棧老闆娘，談風暴/Angus失蹤/Ensorcio/Silverpate寶藏)
042AH,541,2198,Yes,Flindo 月影城補給品店老闆
042BH,243,1028,Yes,Kane (牧羊人，尋找在風暴中失蹤的哥哥Edrin)
042CH,387,2373,Yes,Selina (睡牛客棧附近招募聖者的神祕女子)
042DH,221,9760,Yes,Wilfred (熊之衛隊騎士，在客棧尋找殺父仇人，可招募)
042EH,461,2178,Yes,Alyssand (幼鹿城織工，大業組織成員)
042FH,361,2012,Yes,Delin (幼鹿城補給商，Alyssand的父親，文本已補全 Freli 段落的未翻譯英文)
0430H,248,1048,Yes,黛爾菲妮亞( Delphynia )，幼鹿城園藝師兼代理治療師；含哥布林/Seth/Jorvin/Ruggs/Fellowship/神諭/瓦羅葉等對話
0431H,248,1087,Yes,Garth (幼鹿城大船長)
0432H,145,2699,Yes,Joth (幼鹿城大船長，前水手；對風暴/Garth/Voldin的對話)
0433H,236,1416,Yes,Voldin (幼鹿城大船長，談論政治/神諭真相/入獄對話)
0434H,591,21190,Yes,Jendon (幼鹿城斷槳旅店老闆；買賣、房間、鎮民/陌生人/各地點/各奇怪物品的大量情報對話)
0435H,277,11904,Yes,Jorvin (幼鹿城護衛隊指揮官；談論哥布林/塔樓/頭骨與盾牌)
0436H,243,13652,Yes,Kylista (幼鹿城美之祭司；獄中與平時對神諭、友誼會、哥布林和美之真理的對話)
0437H,178,3654,Yes,Yelinda 夫人 (幼鹿城統治者；接見聖者與 Iolo，逮捕劇情及平時對話)
0438H,213,798,Yes,Leon (幼鹿城友誼會傳教士；談論友誼會理念、幼鹿城政治與哥布林等對話)
0439H,55,237,Yes,Kalen (幼鹿城水手/二副，刺客；包含刺客觸發劇情與臨死對話)
043AH,553,16507,Yes,Olon (幼鹿城漁夫/酒鬼；包含許多說故事的情節，像是白龍王、貓之島、愛情故事)
043BH,340,1450,Yes,Ruggs (被逐出幼鹿城的水手；講述與 Delphynia 的戀情、Batlin 及其同伴的故事，以及風暴與屠城後的劇情)
043CH,139,712,Yes,Scots (友誼會學者/地理學家；談論地圖、風暴、Batlin 的到來以及瘋子 Iolo 剝了夫人的皮的劇情)
043DH,239,1476,Yes,Zulith (幼鹿城總理)
043EH,180,1094,Yes,Andral (藝術家/雕像家)
043FH,370,1816,Yes,Caladin
0440H,129,758,Yes,Cantra
0441H,122,619,Yes,Cellia (裁縫)
0442H,58,257,Yes,Simon (哥布林間諜)
0443H,615,2526,Yes,Harnna (Monitor 治療師)
0444H,218,1330,Yes,Krayg (蒙利多城糧草官)翻譯完成。他負責經營補給品店「生財工具( The Tools of the Trade )」，並提供了許多關於他在森林散步時發現巨蛇印記廢墟，以及他對各軍團與哥布林的看法。
0445H,440,14540,Yes,Marsten (蒙利多城領主)翻譯完成。翻譯了他身為獵豹軍團領主在蒙利多城的諸多對話，包含對三軍團的描述、對巨蛇之島歷史的敘述、對於追捕哥布林以奪回頭盔的任務，以及他背叛城市被揭發時的對話。
0446H,258,1068,Yes,Lucilla (斬劍酒館老闆娘)這份是關於 Monitor（蒙利多城）斬劍酒館老闆娘 Lucilla (露西拉) 的對話文本。內容包含了她對鎮上各個騎士的八卦（例如討厭 Luther、和 Spektor 是秘密情人），以及與聖者調情、討論勇氣考驗和宴會燉肉等對話。
0447H,202,1028,Yes,Luther (蒙利多城巨熊騎士)這份是關於 Monitor（蒙利多城）巨熊軍團的惡霸騎士 Luther (路德) 的對話文本。內容包含了他自吹自擂即將成為冠軍騎士、抱怨被指派危險的巡邏任務，還有跟他的「新盾牌」以及與 Dupre 爭奪盾牌有關的對話。
0448H,182,702,Yes,Lydia (蒙利多城刺青師)份是關於蒙利多城的刺青師 Lydia (莉迪亞)。內容包含了她對各種刺青意義的解說（例如英勇刺青、騎士標記等）、她母親被術士綁架大女兒的故事，以及她其實是被指派來毒害聖者的「叛徒」等對話（而且充滿對「惡魔不列顛王」的仇恨）。
0449H,154,624,Yes,Renfry (蒙利多城焚化者)這份是關於蒙利多城的焚化者 Renfry (倫弗里)。內容主要是解釋火化騎士和長槍兵屍體的習俗與流程，也提到了死者墓穴、巨蛇之門(Gate of the Serpent)、惡魔地牢(Furnace) 等背景資訊。裡面還有一段因為他重聽，把聖者問「姓名 (Name)」聽成「火焰 (Flame)」的有趣對話。
044AH,154,851,Yes,Shazzana
044BH,88,600,Yes,Shmed (騎士考驗守衛)包含他在進入騎士考驗前與聖者的交涉、要求存放物品，以及他因為陷阱失效並發現自己被控制時發出的台詞，全數翻譯完畢。
044CH,215,1194,Yes,Simon (旅店老闆)他經營「沉睡士兵( The Sleeping Soldier )」旅店的所有對話，包含對巴特林一行的描述、以及他身為哥布林間諜的真實身分被揭穿時的情節。
044DH,223,1339,Yes,Spektor (蒙利多城財務官)他是蒙利多城的財務官，翻譯了包含他對各勢力（巨熊、野狼、獵豹）的看法、對 Gwenno 去向的情報、以及當他作為共謀盜竊國庫一事被揭穿時的台詞。
044EH,81,564,Yes,Standarr (蒙利多城盔甲匠)他是蒙利多城的盔甲匠。翻譯了他買賣裝備的對話、談論大熔爐 (Furnace) 傳聞，以及鑑定幼鹿城女祭司胸甲的情節。
044FH,234,817,Yes,Templar (蒙利多城巨熊軍團騎士/顧問)他是巨熊軍團的成員兼軍事顧問。翻譯了大量有關哥布林習性與歷史的敘述，還有他身為遭到哥布林伏擊時唯一倖存者的心路歷程與對內奸的猜測。
0450H,202,799,Yes,Flicken (@你好！@)
0451H,388,1417,Yes,Ensorcio (法師 Ensorcio 在沉睡士兵客棧的對話；包含對 Filbercio、法師議會、Devra 的評論，以及兜售石心死亡法術的情節)
0452H,11,58,Yes,魔導人偶 (未完成/故障的魔導人偶對話)
0453H,11,57,Yes,魔導人偶 (另一個魔導人偶對話，提到噴泉與酸液)
0454H,1,11,Yes,無需翻譯
0455H,1,11,Yes,無需翻譯
0456H,1,11,Yes,無需翻譯
0457H,1,11,Yes,無需翻譯
0458H,1,11,Yes,無需翻譯
0459H,1,11,Yes,無需翻譯
045AH,1,11,Yes,無需翻譯
045BH,1,11,Yes,無需翻譯
045CH,1,11,Yes,無需翻譯
045DH,1,11,Yes,無需翻譯
045EH,50,339,Yes,一號魔導人偶 (邏輯神殿的對話，提到七號遇害與鑰匙遺失)
045FH,69,497,Yes,二號魔導人偶 (邏輯神殿的對話，描述神殿被破壞及七號失蹤的經過)
0460H,51,279,Yes,三號魔導人偶 (邏輯神殿的對話，未能保護神殿及七號失蹤的自責)
0461H,51,318,Yes,四號魔導人偶 (邏輯神殿的叛徒，他摧毀了七號並藏匿鑰匙，被聖者揭穿後坦承並發動攻擊)
0462H,67,476,Yes,五號魔導人偶 (邏輯神殿的對話，描述她對邪惡之力被封印的了解，以及鑰匙的保管者失蹤之謎)
0463H,48,389,Yes,六號魔導人偶 (邏輯神殿的對話，描述七號失蹤後的困境與職責)
0464H,68,173,Yes,邏輯神殿教育者 (三個倫理性( Ethicality )考題，以及通過後進入各個測試關卡的流程)
0477H,1,11,Yes,無需翻譯
0478H,1,11,Yes,無需翻譯
0479H,1,11,Yes,無需翻譯
047AH,1,11,Yes,無需翻譯
047BH,1,11,Yes,無需翻譯
047CH,12,29,Yes,夢境中抱怨被打斷及邀請聖者放鬆的對話
047DH,30,211,Yes,守護巨蛇權杖的魔導人偶對話（誤認聖者為秩序教父）
047EH,13,166,Yes,被巴特林控制的魔導人偶的威脅對話
047FH,8,46,Yes,終章場景中帶領聖者去阻止巴特林的 NPC 對話
0480H,8,51,Yes,終章場景：海盜NPC挑戰聖者的戰鬥觸發對話（威脅切成魚餌）
0481H,28,297,Yes,碎脊者入口的魔導人偶守衛，詢問密碼的對話
0482H,29,209,Yes,盤問聖者陣營（秩序或混沌）的魔導人偶對話
048FH,137,723,Yes,猿怪治療師 Baiyanda 的對話（治療服務與冰龍血任務）
0490H,28,470,Yes,猿怪 Bwundai 對話（指引死亡神殿位置及對毛皮的反應）
0491H,30,256,Yes,猿怪 Mwaerno 的簡短對話與毛皮敵意反應
0492H,99,691,Yes,猿怪長老 Myauri 對話（提及家人與 Gwenno 的遭遇）
0493H,45,338,Yes,猿怪小女孩 Neyobi 的對話（關於治病、名字與日常活動）
0494H,110,639,Yes,猿怪酋長 Yenani 對話（提供碎脊者密碼與講述神聖號角歷史）
0495H,294,1413,Yes,Monk Isle 上復活後的 Gwenno 對話（調查Banes、神殿與Xenka預言）
0496H,335,11779,Yes,勇氣之城狼之軍團領袖 Brendann 對話（關於叛徒調查與軍團競爭）
0498H,149,777,Yes,混沌信徒 Sethys 的對話（鑰匙失竊、秩序/混沌戰爭、引領玩家至大祭司安息地）
0499H,33,159,Yes,葛瓦尼族獵人 Gilwoyai 的對話（尋求治療、冰龍巢穴指引）
049AH,41,286,Yes,Gwani Kapyundi對話
049BH,184,990,Yes,Beryl對話(Draygan的女僕/俘虜)
049CH,97,470,Yes,Draygan對話(大北部森林主人)
049DH,5,72,Yes,完成短文本翻譯
049EH,5,68,Yes,完成短文本翻譯
049FH,208,1234,Yes,Morghrim對話(森林主人/異教難民/伊勒里昂之心)
04A0H,60,362,Yes,自由山地牢(Dungeon Freedom)的看守機器人對話
04A1H,20,85,Yes,自由山地牢商人機器人
04A2H,20,95,Yes,自由山地牢最終機器人
04A3H,17,358,Yes,自由山地牢魔法陷阱/戰鬥
04A5H,14,20,Yes,黑劍惡魔(Arcadion)對話
04A8H,358,20506,Yes,盜賊 Stefano 的對話（自由地牢、死亡騎士追殺、給予鑰匙）
04A9H,7,171,Yes,法師小偷陷阱/戰鬥(血靈相關)
04AAH,341,1926,Yes,熔爐(Furnace)的石像鬼Zhelkas對話
04ABH,2,31,Yes,完成短文本翻譯
04ACH,9,144,Yes,沙米諾復活節彩蛋/笑話短文本
04ADH,2,30,Yes,完成短文本翻譯
04AEH,2,31,Yes,完成短文本翻譯
04AFH,2,22,Yes,完成短文本翻譯
04B0H,7,107,Yes,乞求喝水的NPC短對話
04B1H,5,77,Yes,完成短文本翻譯
04B2H,104,389,Yes,Iolo (或其幻象) 勸說聖者放棄任務並從傳送門逃離的對話
04B3H,112,563,Yes,Shamino (或同伴) 在夢境中被困在有奴隸/私人房間與按鈕的場景對話
04B4H,127,648,Yes,同伴在試煉夢境中擔任打地鼠(蠕蟲)遊戲主持人的對話
04B5H,19,48,Yes,夢境守門人試煉：以勇氣/愛/真理象徵物考驗主角的神秘對話
04B6H,241,10040,Yes,Siranush在夢境領域的對話與引導
04B7H,5,83,Yes,完成短文本翻譯
04B8H,13,49,Yes,7號回憶起被4號背叛的對話
04B9H,1,11,Yes,無需翻譯
04BAH,9,61,Yes,秩序守衛拒絕入侵者的警告對話
04BBH,1,11,Yes,無需翻譯
04BCH,13,164,Yes,門口守衛警告遠離危險的對話
04BDH,4,47,Yes,完成短文本翻譯
04BEH,19,120,Yes,秩序守衛要求出示護身符否則視為混沌子嗣的對話
04BFH,2,18,Yes,無需翻譯
04C0H,2,19,Yes,無需翻譯
04C1H,2,21,Yes,無需翻譯
04C2H,2,17,Yes,無需翻譯
04C5H,1,11,Yes,無需翻譯
04C6H,2,16,Yes,無需翻譯
04C7H,2,16,Yes,無需翻譯
04C8H,2,16,Yes,無需翻譯
04C9H,17,107,Yes,看見隱形怪物而驚慌逃跑的對話
04CAH,110,758,Yes,秩序聖殿守衛對主角進行書籍知識測驗的對話
04CBH,2,23,Yes,完成短文本翻譯
04CCH,2,23,Yes,完成短文本翻譯
04CDH,9,138,Yes,飢餓的囚犯乞求食物的對話
04CEH,2,16,Yes,無需翻譯
04CFH,356,9672,Yes,Xenka僧侶Karnax講述預言與美德平衡的對話
04D0H,2,33,Yes,完成短文本翻譯
04D1H,196,1477,Yes,圖書館員僧侶Miggim的對話與各類預言書籍情報
04D2H,2,24,Yes,完成短文本翻譯
04D3H,133,7295,Yes,Xenka僧侶Thoxa關於世界末日與預言的對話
04D4H,139,496,Yes,Monk Isle 玉米武僧對話，關於巨蛇神殿與預言
04D5H,189,4138,Yes,Monk Isle 武僧 Draxta 對話，涉及幻象、預言與先知 Xenka 的歸來
04D6H,2,29,Yes,完成短文本翻譯
04D7H,182,876,Yes,女先知 Xenka 的對話，給予蛇之齒、指引地穴之島、碎骨者與最終犧牲抽籤
04D8H,2,17,Yes,完成短文本翻譯
04D9H,3,55,Yes,完成短文本翻譯
04DAH,251,852,Yes,夢境中的吟遊詩人 Byrin 對話，講解果雷沼澤歷史與如何醒來/死亡、歌唱失落文明與國王的故事
04DBH,22,1299,Yes,夢境中 Ensorcio 拷問 Filbercio 的對話邏輯
04DEH,2,24,Yes,完成短文本翻譯
04E4H,1,11,Yes,無需翻譯
04E5H,1,11,Yes,無需翻譯
04E6H,1,11,Yes,無需翻譯
04E7H,1,11,Yes,無需翻譯
04E8H,1,11,Yes,無需翻譯
0506H,3,12,Yes,NPC 威脅台詞：下次見面要把聖者的眼珠當耳環戴
0507H,3,12,Yes,NPC 威脅台詞：再度相遇時要把聖者剁碎餵狗
0510H,8,56,Yes,被控制的石像鬼守衛襲擊聖者，並稱聖者為偽英雄的對話
0526H,101,433,Yes,吸血鬼巫妖 Vasculio 對話，涉及月影城法師恩怨、噬魔劍交易與以同伴生命為交換
0600H,1,11,Yes,無需翻譯
0601H,1,11,Yes,無需翻譯
0602H,1,11,Yes,無需翻譯
0603H,1,11,Yes,無需翻譯
0605H,1,11,Yes,無需翻譯
0606H,1,11,Yes,無需翻譯
0607H,1,11,Yes,無需翻譯
0609H,1,11,Yes,無需翻譯
060AH,1,11,Yes,無需翻譯
060BH,1,11,Yes,無需翻譯
060CH,1,11,Yes,無需翻譯
060DH,1,11,Yes,無需翻譯
060EH,1,11,Yes,無需翻譯
060FH,1,11,Yes,無需翻譯
0611H,1,11,Yes,無需翻譯
0612H,2,43,Yes,無需翻譯
0614H,59,40,Yes,大地之蛇、守護者、Dupre 靈魂等在夢境中給予聖者的 telepathic 提示與警告
0615H,6,100,Yes,同伴吃飽時拒絕餵食的隨機台詞及大蒜判斷
0616H,1,11,Yes,無需翻譯
0618H,4,38,Yes,完成短文本翻譯
0619H,93,3946,Yes,夢中引路人 Drusilla 的對話，指引走出果雷沼澤魔法迷宮的三個提示，並警告一次只能有一人進入
061AH,112,4044,Yes,性格粗鯯的導引者 Rieya 的對話，講解装備平衡護符、聖者身份與按鈕迷魔提示
061BH,117,3111,Yes,風趣引導者的對話，根據聖者性別稱帥哥或美女，提供拉桿迷魔解魔提示並融入些許浪漫劇情
061DH,7,67,Yes,終章指揮同伴包圍巴特林的場景，含凍結效果的隨機台詞（我被凍住了！等）
061EH,7,127,Yes,要塞內囚犯被困時的隨機求救台詞（救救我們！按正確的按鈕！等）
061FH,1,11,Yes,無需翻譯
0620H,1,11,Yes,無需翻譯
0622H,11,79,Yes,伴侣詢問幾小時後叫醒聖者的就寢系統，輸入0時說「不要開玩笑」，正常時說「好夢」
0623H,3,52,Yes,完成短文本翻譯
0624H,1,11,Yes,無需翻譯
0625H,35,156,Yes,守衛逃捕脚本，含譌貪/束手就擒/抵抗分支，有性別判斷與通行證特殊處理
0626H,3,29,Yes,完成短文本翻譯
0628H,4,77,Yes,完成短文本翻譯
0629H,3,47,Yes,完成短文本翻譯
062AH,11,2243,Yes,三種品質的書本：Svenjaja 的遺言（混沌大祭司被殺）、秩序信徒留言板（光之牆與大祭司神殿入殿指引）、平衡神殿傳送魔法書
062BH,3,116,Yes,完成短文本翻譯
062CH,1,11,Yes,無需翻譯
062DH,2,58,Yes,完成短文本翻譯
062EH,2,72,Yes,完成短文本翻譯
062FH,1,11,Yes,無需翻譯
0631H,1,11,Yes,無需翻譯
0632H,19,109,Yes,終章場景：巴特林同伴揭露真面目並發動進攻，含哨導引導的台詞與完美世界病態管言
0633H,4,56,Yes,完成短文本翻譯
0634H,1,11,Yes,無需翻譯
0635H,4,100,Yes,完成短文本翻譯
0636H,1,11,Yes,無需翻譯
0637H,1,11,Yes,無需翻譯
0638H,236,16458,Yes,Usecode書籍文本：包含航海日誌、採金日誌、毛皮帳本、驚奇事物之書、兩卷Dupre飲酒歌、武器與防具指南、野戰急救術、貓九命筆記、血靈實驗筆記等9本書籍
063AH,6,93,Yes,同伴質疑聖者行動的隨機浮動台詞（死碼，return在最前，但字串已翻譯）
063BH,218,29369,Yes,"包含痛覺觀察、Erstam筆記、戰術武器簡論、酷刑論、不列顛王暴政冒險記等22本書籍的Usecode書本對話與文本"
063CH,1,11,Yes,無需翻譯
063DH,5,49,Yes,完成短文本翻譯
063EH,2,53,Yes,無需翻譯
063FH,1,11,Yes,無需翻譯
0640H,2,25,Yes,無需翻譯 (魔法咒語)
0641H,2,19,Yes,無需翻譯 (魔法咒語)
0642H,2,20,Yes,無需翻譯 (魔法咒語)
0643H,2,24,Yes,無需翻譯 (魔法咒語)
0644H,2,24,Yes,無需翻譯 (魔法咒語)
0645H,2,19,Yes,無需翻譯 (魔法咒語)
0646H,34,515,Yes,「定位術」(In Wis) 魔法咒語所使用的地理區劃與地名中譯文字
0647H,2,25,Yes,無需翻譯 (魔法咒語)
0648H,2,18,Yes,無需翻譯 (魔法咒語)
0649H,2,19,Yes,無需翻譯 (魔法咒語)
064AH,2,21,Yes,無需翻譯 (魔法咒語)
064BH,2,21,Yes,無需翻譯 (魔法咒語)
064CH,2,20,Yes,無需翻譯 (魔法咒語)
064DH,2,17,Yes,無需翻譯 (魔法咒語)
064EH,2,23,Yes,無需翻譯 (魔法咒語)
064FH,2,22,Yes,無需翻譯 (魔法咒語)
0650H,2,26,Yes,無需翻譯 (魔法咒語)
0651H,2,22,Yes,無需翻譯 (魔法咒語)
0652H,2,21,Yes,無需翻譯 (魔法咒語)
0653H,2,25,Yes,無需翻譯 (魔法咒語)
0654H,2,26,Yes,無需翻譯 (魔法咒語)
0655H,2,19,Yes,無需翻譯 (魔法咒語)
0656H,2,18,Yes,無需翻譯 (魔法咒語)
0657H,2,20,Yes,無需翻譯 (魔法咒語)
0658H,2,20,Yes,無需翻譯 (魔法咒語)
0659H,2,23,Yes,無需翻譯 (魔法咒語)
065AH,3,23,Yes,無需翻譯 (魔法咒語)
065BH,2,23,Yes,無需翻譯 (魔法咒語)
065CH,2,26,Yes,無需翻譯 (魔法咒語)
065DH,2,21,Yes,無需翻譯 (魔法咒語)
065EH,2,24,Yes,無需翻譯 (魔法咒語)
065FH,2,19,Yes,無需翻譯 (魔法咒語)
0660H,2,20,Yes,無需翻譯 (魔法咒語)
0661H,2,20,Yes,無需翻譯 (魔法咒語)
0662H,2,25,Yes,無需翻譯 (魔法咒語)
0663H,2,21,Yes,無需翻譯 (魔法咒語)
0664H,2,22,Yes,無需翻譯 (魔法咒語)
0665H,2,19,Yes,無需翻譯 (魔法咒語)
0666H,2,25,Yes,無需翻譯 (魔法咒語)
0667H,2,19,Yes,無需翻譯 (魔法咒語)
0668H,2,22,Yes,無需翻譯 (魔法咒語)
0669H,2,20,Yes,無需翻譯 (魔法咒語)
066AH,2,21,Yes,無需翻譯 (魔法咒語)
066BH,2,25,Yes,無需翻譯 (魔法咒語)
066CH,2,26,Yes,無需翻譯 (魔法咒語)
066DH,2,29,Yes,無需翻譯 (魔法咒語)
066EH,2,25,Yes,無需翻譯 (魔法咒語)
066FH,2,23,Yes,無需翻譯 (魔法咒語)
0670H,2,26,Yes,無需翻譯 (魔法咒語)
0671H,2,29,Yes,無需翻譯 (魔法咒語)
0672H,2,22,Yes,無需翻譯 (魔法咒語)
0673H,2,23,Yes,無需翻譯 (魔法咒語)
0674H,2,23,Yes,無需翻譯 (魔法咒語)
0675H,2,21,Yes,無需翻譯 (魔法咒語)
0676H,2,19,Yes,無需翻譯 (魔法咒語)
0677H,2,21,Yes,無需翻譯 (魔法咒語)
0678H,2,26,Yes,無需翻譯 (魔法咒語)
0679H,2,21,Yes,無需翻譯 (魔法咒語)
067AH,2,25,Yes,無需翻譯 (魔法咒語)
067BH,2,27,Yes,無需翻譯 (魔法咒語)
067CH,2,23,Yes,無需翻譯 (魔法咒語)
067DH,2,27,Yes,無需翻譯 (魔法咒語)
067EH,1,11,Yes,無需翻譯
067FH,2,28,Yes,無需翻譯 (魔法咒語)
0680H,2,25,Yes,無需翻譯 (魔法咒語)
0681H,2,21,Yes,無需翻譯 (魔法咒語)
0682H,2,25,Yes,無需翻譯 (魔法咒語)
0683H,2,28,Yes,無需翻譯 (魔法咒語)
0684H,2,20,Yes,無需翻譯 (魔法咒語)
0685H,2,22,Yes,無需翻譯
0686H,2,19,Yes,無需翻譯 (魔法咒語)
0687H,2,19,Yes,無需翻譯 (魔法咒語)
0688H,1,11,Yes,無需翻譯
068AH,1,11,Yes,無需翻譯
068BH,3,12,Yes,無需翻譯
068CH,1,11,Yes,無需翻譯
06A4H,2,62,Yes,無需翻譯
06A5H,1,11,Yes,無需翻譯
06A6H,5,88,Yes,完成短文本翻譯
06A7H,1,11,Yes,無需翻譯
06A8H,1,11,Yes,無需翻譯
06A9H,1,11,Yes,無需翻譯
06AAH,1,11,Yes,無需翻譯
06ABH,1,11,Yes,無需翻譯
06ACH,1,11,Yes,無需翻譯
06ADH,11,37,Yes,調查蒙利多城叛徒線索的對話（幼鹿城麥酒瓶）
06AEH,23,123,Yes,隊友在地牢中看到蛇、骷髏、沉睡的石像鬼和沉睡惡魔的隨機反應對話與浮動台詞
06AFH,14,275,Yes,隊友在熔爐城因高溫酷熱而產生的隨機抱怨與浮動台詞（真熱！我快被烤熟了！等）
06B0H,1,11,Yes,無需翻譯
06B1H,5,63,Yes,無需翻譯
06B2H,1,11,Yes,無需翻譯
06B3H,11,143,Yes,進入果雷沼澤時，聖者與隊友逐漸感到睏倦並入睡的對話與浮動台詞（我好想睡、我必須保持清醒等）
06B4H,1,11,Yes,無需翻譯
06B5H,1,11,Yes,無需翻譯
06B6H,8,78,Yes,傳送陷阱觸發後，隊友被隨機傳送時產生的浮動驚訝台詞（喔唷！咦？發生了什麼事？等）
06B7H,2,34,Yes,無需翻譯
06B8H,2,41,Yes,無需翻譯
06B9H,1,11,Yes,無需翻譯
06BAH,1,11,Yes,無需翻譯
06BBH,1,11,Yes,無需翻譯
06BCH,13,202,Yes,幼鹿城傳送風暴降臨並留下 Gwenno 魯特琴的劇情事件，含居民與隊友的驚慌反應台詞（快跑！這是魔法風暴！等）
06BFH,1,11,Yes,無需翻譯
06C0H,7,130,Yes,幼鹿城居民參加完 Leon 主持的友誼會佈道後散場時的隨機浮動台詞（在團結中前行！友誼會才是真理……等）
06C1H,1,11,Yes,無需翻譯
06C2H,1,11,Yes,無需翻譯
06C3H,1,11,Yes,無需翻譯
06C4H,6,22,Yes,Selina 在獲得黃金並遭遇襲擊時使用閃爍戒指逃走並相約客棧見面的劇情與對話
06C5H,1,11,Yes,無需翻譯
06C6H,2,39,Yes,無需翻譯
06C7H,1,11,Yes,無需翻譯
06C8H,1,11,Yes,無需翻譯
06C9H,1,11,Yes,無需翻譯
06CAH,1,11,Yes,無需翻譯
06CBH,1,11,Yes,無需翻譯
06CCH,1,11,Yes,無需翻譯
06CDH,1,11,Yes,無需翻譯
06CEH,4,55,Yes,完成短文本翻譯
06CFH,20,486,Yes,瀕死的捕獸人 Fitch 臨終前告訴聖者他們遭遇女巫襲擊的對話與浮動求救台詞
06D0H,1,11,Yes,無需翻譯
06D1H,2,20,Yes,完成短文本翻譯
06D2H,1,11,Yes,無需翻譯
06D3H,1,11,Yes,無需翻譯
06D4H,1,11,Yes,無需翻譯
06D5H,1,11,Yes,無需翻譯
06D6H,1,11,Yes,無需翻譯
06D7H,3,49,Yes,完成短文本翻譯
06D8H,1,11,Yes,無需翻譯
06D9H,9,108,Yes,某些威脅聖者的詞語
06DAH,11,274,Yes,同伴NPC對旅途的反應：含盜版彩蛋、骨頭/迷路/巴特林開啟光明之牆的台詞
06DBH,4,74,Yes,完成短文本翻譯
06DCH,10,179,Yes,秩序神殿放置神器基座的謎題反饋口白與石碑提示
06DDH,1,11,Yes,無需翻譯
06DEH,1,11,Yes,無需翻譯
06DFH,1,11,Yes,無需翻譯
06E0H,18,60,Yes,在神諭密室與大船長 Voldin 對質與戰鬥的對話與口白
06E1H,9,15,Yes,白龍之王幽靈現身與玩家對質/指責Shamino害死Beatrix的對話與口白
06E2H,1,11,Yes,無需翻譯
06E3H,5,27,Yes,完成短文本翻譯
06E4H,4,15,Yes,無需翻譯
06E5H,3,12,Yes,無需翻譯
06E6H,17,444,Yes,果雷沼澤夢境中幻影同伴對玩家的對話與口白
06E7H,3,12,Yes,無需翻譯
06E8H,1,11,Yes,無需翻譯
06E9H,1,11,Yes,無需翻譯
06EAH,3,12,Yes,無需翻譯
06EBH,3,12,Yes,無需翻譯
06ECH,3,12,Yes,無需翻譯
06EDH,3,54,Yes,完成短文本翻譯
06EEH,1,11,Yes,無需翻譯
06EFH,1,11,Yes,無需翻譯
06F0H,1,11,Yes,無需翻譯
06F1H,1,11,Yes,無需翻譯
06F3H,1,11,Yes,無需翻譯
06F4H,3,60,Yes,完成短文本翻譯
06F5H,2,20,Yes,完成短文本翻譯
06F6H,3,41,Yes,無需翻譯 (魔法咒語)
06F7H,18,39,Yes,同伴 Shamino 認出白龍城堡為故鄉並緬懷 Beatrix 的對話與口白
06FAH,3,55,Yes,完成短文本翻譯
06FBH,4,62,Yes,完成短文本翻譯
06FCH,15,65,Yes,Beatrix幽靈現身指責Shamino背叛的對話與口白
06FDH,1,11,Yes,無需翻譯
06FEH,1,11,Yes,無需翻譯
06FFH,7,96,Yes,遭遇怪物或事件前的警惕與驚慌隨機口白陣列
0700H,2,32,Yes,完成短文本翻譯
0701H,1,11,Yes,無需翻譯
0702H,14,211,Yes,Rotoluncia在折磨囚犯時與其手下的命令及回應口白
0703H,1,11,Yes,無需翻譯
0705H,1,11,Yes,無需翻譯
0706H,1,11,Yes,無需翻譯
0707H,1,11,Yes,無需翻譯
0709H,3,12,Yes,無需翻譯
070AH,1,11,Yes,無需翻譯
070BH,3,93,Yes,完成短文本翻譯
070DH,1,11,Yes,無需翻譯
070EH,1,11,Yes,無需翻譯
070FH,1,11,Yes,無需翻譯
0710H,3,25,Yes,完成短文本翻譯
0711H,1,11,Yes,無需翻譯
0714H,1,11,Yes,無需翻譯
0715H,1,11,Yes,無需翻譯
0716H,1,11,Yes,無需翻譯
0717H,1,11,Yes,無需翻譯
0718H,12,91,Yes,Sethys離開神殿後因歲月重壓而死並留下混沌之石的對話與口白
0719H,13,178,Yes,同伴遭遇幻覺/驚恐時的隨機口白字串陣列（如見到 Hook 或守護者）
071AH,6,31,Yes,無需翻譯
071BH,1,11,Yes,無需翻譯
071CH,1,11,Yes,無需翻譯
071DH,2,31,Yes,完成短文本翻譯
071EH,1,11,Yes,無需翻譯
071FH,5,39,Yes,完成短文本翻譯
0720H,4,52,Yes,完成短文本翻譯
0721H,2,25,Yes,完成短文本翻譯
0722H,1,11,Yes,無需翻譯
0723H,3,46,Yes,完成短文本翻譯
0724H,1,11,Yes,無需翻譯
0725H,1,11,Yes,無需翻譯
0726H,2,33,Yes,完成短文本翻譯
0727H,1,11,Yes,無需翻譯
0728H,1,11,Yes,無需翻譯
0729H,1,11,Yes,無需翻譯
072AH,1,11,Yes,無需翻譯
072BH,3,49,Yes,完成短文本翻譯
072CH,1,11,Yes,無需翻譯
072DH,1,11,Yes,無需翻譯
072EH,1,11,Yes,無需翻譯
072FH,1,11,Yes,無需翻譯
0730H,1,11,Yes,無需翻譯
0731H,1,11,Yes,無需翻譯
0732H,1,11,Yes,無需翻譯
0733H,1,11,Yes,無需翻譯
0734H,1,11,Yes,無需翻譯
0737H,1,11,Yes,無需翻譯
0738H,2,36,Yes,完成短文本翻譯
0739H,7,117,Yes,蒙利多騎士考驗：玩家與考驗負責人對答及進入考驗時的口白
073AH,2,35,Yes,完成短文本翻譯
073BH,32,134,Yes,巴特林強行開啟光明之牆失敗被殺及三大災禍釋放的對話與口白
073CH,1,11,Yes,無需翻譯
073DH,1,11,Yes,無需翻譯
0742H,3,62,Yes,完成短文本翻譯
0743H,1,11,Yes,無需翻譯
0744H,1,11,Yes,無需翻譯
0745H,1,11,Yes,無需翻譯
0759H,14,161,Yes,開場傳送風暴同伴被捲走及物品交換時的驚慌與甦醒口白
075AH,5,48,Yes,Xenka (@你到了！@)
075BH,1,11,Yes,無需翻譯
075DH,4,63,Yes,完成短文本翻譯
075EH,1,11,Yes,無需翻譯
075FH,1,11,Yes,無需翻譯
0760H,1,11,Yes,無需翻譯
0761H,1,11,Yes,無需翻譯
0762H,1,11,Yes,無需翻譯
0763H,1,11,Yes,無需翻譯
0764H,1,11,Yes,無需翻譯
0765H,1,11,Yes,無需翻譯
0766H,9,193,Yes,玩家進入特定區域時同伴拒絕進入的隨機口白與物品轉移處理
0767H,1,11,Yes,無需翻譯
0768H,35,413,Yes,銀色種子三個女巫遇到玩家時的對話與開戰口白
0769H,1,11,Yes,無需翻譯
076AH,1,11,Yes,無需翻譯
076BH,2,22,Yes,完成短文本翻譯
077EH,4,36,Yes,完成短文本翻譯
0780H,2,28,Yes,完成短文本翻譯
0781H,1,11,Yes,無需翻譯
0795H,5,39,Yes,完成短文本翻譯
0796H,1,11,Yes,無需翻譯
0797H,1,11,Yes,無需翻譯
0798H,3,18,Yes,完成短文本翻譯
0799H,1,11,Yes,無需翻譯
079AH,1,11,Yes,無需翻譯
079BH,1,11,Yes,無需翻譯
079CH,1,11,Yes,無需翻譯
079DH,1,11,Yes,無需翻譯
079EH,1,11,Yes,無需翻譯
079FH,1,11,Yes,無需翻譯
07A0H,1,11,Yes,無需翻譯
07A1H,1,11,Yes,無需翻譯
07A2H,1,11,Yes,無需翻譯
07A3H,1,11,Yes,無需翻譯
07A4H,1,11,Yes,無需翻譯
07A5H,1,11,Yes,無需翻譯
07A6H,1,11,Yes,無需翻譯
07A7H,1,11,Yes,無需翻譯
07A8H,1,11,Yes,無需翻譯
07AAH,1,11,Yes,無需翻譯
07ABH,2,40,Yes,@『預言之刻』已到！@
07ACH,3,109,Yes,@哎呀！@
07ADH,1,11,Yes,無需翻譯
07AEH,49,138,Yes,@聖者……@
07AFH,1,11,Yes,無需翻譯
07B0H,1,11,Yes,無需翻譯
07B1H,2,61,Yes,無需翻譯
07B2H,2,32,Yes,無需翻譯
07B3H,3,50,Yes,完成短文本翻譯
07D0H,1,11,Yes,無需翻譯
07D1H,1,11,Yes,無需翻譯
07D2H,1,11,Yes,無需翻譯
07D3H,4,45,Yes,完成短文本翻譯
07D4H,1,11,Yes,無需翻譯
07D5H,9,105,Yes,銀色種子資料片抵達地底要塞時的驚呼對話
07D6H,1,11,Yes,無需翻譯
07D7H,1,11,Yes,無需翻譯
07D8H,1,11,Yes,無需翻譯
07D9H,2,20,Yes,完成短文本翻譯
07DAH,1,11,Yes,無需翻譯
07DBH,1,11,Yes,無需翻譯
07DCH,3,66,Yes,完成短文本翻譯
07DDH,1,11,Yes,無需翻譯
07DEH,1,11,Yes,無需翻譯
07DFH,1,11,Yes,無需翻譯
07E0H,1,11,Yes,無需翻譯
07E1H,7,98,Yes,對Draygan使用睡眠藥水時的他與周圍NPC的對話口白
07E2H,5,90,Yes,完成短文本翻譯
07E3H,1,11,Yes,無需翻譯
07E4H,3,12,Yes,無需翻譯
07E5H,5,37,Yes,完成短文本翻譯
07E6H,13,98,Yes,搭乘Arabella船隻抵達月影城時Hawk船長的對話口白
07E7H,2,23,Yes,無需翻譯
07E8H,1,11,Yes,無需翻譯
07E9H,1,11,Yes,無需翻譯
07EAH,1,11,Yes,無需翻譯
07EBH,1,11,Yes,無需翻譯
07ECH,10,74,Yes,Karnax Thoxa (@該死！@)
07EDH,6,50,Yes,Thoxa (「英雄，在我被火焰吞噬前聽我說...)
07EEH,20,53,Yes,Thoxa (@再見了……@)
07EFH,3,28,Yes,@喔，不！@
07F0H,5,53,Yes,@喔……@
07F1H,3,103,Yes,@藍色閃電？Gustacio ...
07F2H,10,147,Yes,紅色的傳送風暴閃電口白與反應
07F3H,10,154,Yes,黃色的傳送風暴閃電口白與反應
07F4H,10,172,Yes,綠色的傳送風暴閃電口白與反應
07F5H,1,11,Yes,無需翻譯
07F6H,4,82,Yes,完成短文本翻譯
07F7H,1,11,Yes,無需翻譯
07F8H,12,264,Yes,@帶被告進來。@
07F9H,5,73,Yes,@弟兄們，上啊！@
07FAH,19,20,Yes,「多麼悅耳的音樂！有一種奇妙的...
07FBH,260,1067,Yes,法庭審判中傳喚證人的台詞對話
07FCH,443,3647,Yes,PYelinda (「我準備好回答你的問題了，)
07FCH,50,500,Yes,PYelinda (「我準備好回答你的問題了，)
07FDH,1,11,Yes,無需翻譯
07FDH,0,0,Yes,無需翻譯
07FFH,28,177,Yes,「在第 
07FFH,13,200,Yes,「在第 
0800H,1,11,Yes,無需翻譯
0800H,0,0,Yes,無需翻譯
0801H,6,185,Yes,周圍有敵人時隊友提醒要小聲的口白
0802H,1,11,Yes,無需翻譯
0803H,141,1617,Yes,幼鹿城的商店交易對話處理
0804H,101,970,Yes,幼鹿城商店討價還價(Haggle)系統對話
0805H,45,440,Yes,月影城酒館(藍野豬旅店)購買食物的對話
0806H,37,331,Yes,月影城酒館(藍野豬旅店)購買飲料的對話
0807H,103,895,Yes,沉睡公牛旅店的討價還價(Haggle)系統對話
0808H,77,652,Yes,月影城中各種魔導人偶的通用對話
0809H,34,172,Yes,魔導人偶加入、離開隊伍及歸還物品的對話
080AH,14,48,Yes,Petra歸還聖者物品時的庫存滿載處理對話
080BH,342,3252,Yes,各地銀行與兌換商的通用貨幣兌換系統對話
080CH,127,1368,Yes,(Generic Shop Dialog) (再看看)
080DH,91,771,Yes,Generic Haggling Dialog for Guilders
080EH,9,15,Yes,Bane of Chaos and Mage scene
080FH,26,100,Yes,Mountains of Freedom food shop (bread and water)
0810H,26,104,Yes,Mountains of Freedom health shop (potion and bandage)
0811H,106,1156,Yes,Fur and pelt shop (Monitor)
0812H,102,1001,Yes,Fur and pelt shop haggling
0813H,1,11,Yes,無需翻譯
0814H,2,30,Yes,完成短文本翻譯
0815H,2,36,Yes,完成短文本翻譯
0816H,65,553,Yes,Spell shop dialog
0817H,90,547,Yes,Spell shop haggling
0818H,193,2194,Yes,Fawn general shop Delin
0819H,97,956,Yes,Fawn general shop haggling
081AH,44,201,Yes,Fawn healer Delphynia
081BH,107,1130,Yes,Fawn reagent shop Delphynia
081CH,90,740,Yes,幼鹿城試劑店(Delphynia)討價還價(Haggle)對話
081DH,322,2644,Yes,通用貨幣兌換系統對話(無姓名版)
081EH,60,604,Yes,食物商店(火腿/羊肉/鱒魚/起司/糕點)購買對話
081FH,50,461,Yes,飲料酒水商店(葡萄酒/蜂蜜酒/麥芽酒)購買對話
0820H,89,709,Yes,沉睡公牛旅店(Devra)討價還價(Haggle)對話
0821H,23,22,Yes,謎題一：三位神秘使者與撒謊者人數
0822H,13,17,Yes,謎題二：貴婦首飾盒耳環配對
0823H,11,16,Yes,謎題三：巨龍Longtooth考倒的生物數量
0824H,13,17,Yes,謎題四：裁縫Sedrick學徒拿取布料數
0825H,1,11,Yes,無需翻譯
0826H,3,12,Yes,無需翻譯
0827H,123,4127,Yes,Moonshade魔導人偶雜貨店(Bucantus)購買對話
0828H,101,970,Yes,Moonshade大師(Ducio)雜貨討價還價(Haggle)對話
0829H,14,48,Yes,隊友重新加入歸還物品對話
082AH,40,222,Yes,法師販售高階法術(五至九環)對話
082BH,84,3056,Yes,法師購買法術討價還價(Haggle)對話1
082CH,26,168,Yes,魔法訓練對話(150金幣)
082DH,70,560,Yes,法師販售全階法術(一至九環/雙貨幣)對話
082EH,82,553,Yes,法師購買法術討價還價(Haggle)對話2
082FH,1,11,Yes,無需翻譯
0830H,18,374,Yes,法師領主(Filbercio)被魔導人偶打斷對話
0831H,1,11,Yes,無需翻譯
0832H,1,11,Yes,無需翻譯
0833H,1,11,Yes,無需翻譯
0834H,50,315,Yes,法師免費傳授法術對話(獎勵)
0835H,14,48,Yes,NPC交付儲存物品對話
0836H,33,124,Yes,幼鹿城(Fawn)治療師Delphynia醫療服務對話
0837H,85,1371,Yes,幼鹿城(Fawn)Delphynia農產品與草藥商店對話
0838H,93,4093,Yes,Delphynia農產品商店討價還價(Haggle)對話
0839H,1,11,Yes,無需翻譯
083AH,3,12,Yes,無需翻譯
083BH,12,107,Yes,尋人獵犬吠叫與方向指引對話
083CH,14,48,Yes,隊友離開歸還物品對話
083DH,72,791,Yes,幼鹿城(Fawn)食物商店購買對話
083EH,25,142,Yes,幼鹿城(Fawn)酒水商店購買對話
083FH,90,1590,Yes,幼鹿城(Fawn)商店討價還價(Haggle)對話
0840H,48,390,Yes,月影城(Moonshade)葡萄酒商店購買對話
0841H,90,801,Yes,月影城(Moonshade)葡萄酒商店討價還價(Haggle)對話
0842H,146,4897,Yes,蒙利多城(Monitor)雜貨與皮具商店購買對話
0843H,165,2034,Yes,蒙利多城(Monitor)皮具商店收購賣出對話
0844H,104,1063,Yes,蒙利多城(Monitor)雜貨與皮具商店討價還價(Haggle)對話
0845H,91,982,Yes,蒙利多城(Monitor)砍殺之刃酒館食物商店對話
0846H,46,360,Yes,蒙利多城(Monitor)砍殺之刃酒館酒水商店對話
0847H,194,1715,Yes,蒙利多城(Monitor)砍殺之刃酒館Lucilla討價還價對話（全文完整翻譯）
0848H,8,63,Yes,隊友Dupre歸還盾牌對話
0849H,3,12,Yes,約架前往比武場對話腳本
084AH,9,15,Yes,蒙利多城領主詢問騎士考驗許可，告知密碼「勇氣是生命之魂」
084BH,66,542,Yes,月影城(Moonshade)法師購買法術對話
084CH,90,547,Yes,月影城(Moonshade)法師買法術討價還價(Haggle)對話
084DH,1,11,Yes,無需翻譯
084EH,1,11,Yes,無需翻譯
084FH,63,481,Yes,月影城(Moonshade)法師購買法術對話(全九環)
0850H,79,936,Yes,月影城(Moonshade)法師買法術討價還價(Haggle)對話
0851H,18,171,Yes,月影城(Moonshade)藍野豬酒館住宿房間租賃對話
0852H,95,781,Yes,月影城(Moonshade)藍野豬酒館Rocco食物商店對話
0853H,40,298,Yes,購買飲料（紅酒、蜂蜜酒、麥酒）交易對話腳本
0854H,91,654,Yes,購買飲料討價還價(殺價)對話與台詞腳本
0855H,3,44,Yes,完成短文本翻譯
0856H,5,57,Yes,完成短文本翻譯
0857H,18,111,Yes,收購石心交易對話腳本
0858H,69,642,Yes,購買藥水（睡眠、治療、光源、解毒、甦醒、防護、隱形）交易對話腳本
0859H,61,540,Yes,購買施法材料（黑珍珠、曼陀羅根、大蒜、蜘蛛絲、硫磺灰、蠕蟲之心）交易對話腳本
085AH,62,532,Yes,購買魔法武器與防具（魔法護腿、魔法靴、魔法斧、防禦之劍、魔法弩箭、玻璃之劍）交易對話腳本
085BH,92,741,Yes,通用魔法武器防具店交易議價對話與台詞腳本
085CH,1,11,Yes,無需翻譯
085DH,1,11,Yes,無需翻譯
085EH,75,828,Yes,旅館餐點（肉乾、烤魚、香腸、烤羊肉、蜂蜜蛋糕）購買交易對話腳本
085FH,40,298,Yes,旅館酒水（紅酒、蜂蜜酒、麥酒）購買交易對話腳本
0860H,109,854,Yes,通用NPC交易議價(討價還價)對話與台詞腳本
0861H,16,49,Yes,物品發放與同伴負重處理對話腳本
0862H,1,11,Yes,無需翻譯
0863H,14,48,Yes,拿回託管物品與同伴負重不足丟棄提示對話腳本
0864H,9,50,Yes,歸還美麗之梳並贈予寶庫鑰匙（Yelinda女王/王座室）對話腳本
0865H,241,2061,Yes,貨幣兌換商手續費說明與四種貨幣互兌交易對話腳本
0866H,106,4038,Yes,護甲店護甲與盾牌頭盔販售交易（蒙里他利幣）對話腳本
0867H,110,4261,Yes,武器店武器販售交易（蒙里他利幣）對話腳本
0868H,217,2497,Yes,收購二手護甲與頭盔（蒙里他利幣）對話腳本
0869H,104,1117,Yes,武器匠與商人討價還價/殺價系統（蒙里他利幣）對話腳本
086AH,14,48,Yes,保管物品領回與發放（同伴負重/置地處理）對話腳本
086BH,28,192,Yes,醫師與治癒者治療/解毒通用系統對話腳本
086CH,1,11,Yes,無需翻譯
086DH,1,11,Yes,無需翻譯
086EH,16,116,Yes,收購寶石（Ducio大師需求）對話腳本
086FH,140,1445,Yes,雜貨店與生活用品販售交易對話腳本
0870H,104,1063,Yes,商店與商人討價還價/殺價通用對話腳本
0871H,62,497,Yes,魔法師法術販售與吉爾得幣交易對話腳本
0872H,82,553,Yes,商店與商人討價還價/殺價系統對話腳本
0873H,36,1142,Yes,戰鬥導師（Discipline 訓練）授課對話腳本
0874H,16,49,Yes,保管歸還玩家隨身物品對話腳本
0875H,38,104,Yes,戰鬥導師（蒙里他利幣訓練）授課對話腳本
0876H,20,145,Yes,石像鬼領袖 Zhelkas 初次會面與介紹對話腳本
0877H,11,76,Yes,石像鬼領袖 Zhelkas 交付夢境英雄戒指對話腳本
0878H,1,11,Yes,無需翻譯
0879H,8,25,Yes,純潔之柱與地下城考驗開場對話腳本
087AH,1,11,Yes,無需翻譯
087BH,245,2069,Yes,通用貨幣兌換商換匯算晶與對話腳本
087CH,13,78,Yes,平衡護身符（Amulet of Balance）傳送與冷卻計時對話腳本
087DH,1,11,Yes,無需翻譯
087EH,1,11,Yes,無需翻譯
087FH,3,146,Yes,完成短文本翻譯
0880H,1,11,Yes,無需翻譯
0881H,1,11,Yes,無需翻譯
0882H,1,11,Yes,無需翻譯
0883H,1,11,Yes,無需翻譯
0884H,1,11,Yes,無需翻譯
0885H,1,11,Yes,無需翻譯
0886H,1,11,Yes,無需翻譯
0887H,6,20,Yes,升降機/井絞車方向選擇（向上/向下）傳送對話腳本
0888H,1,11,Yes,無需翻譯
0889H,1,11,Yes,無需翻譯
088AH,2,30,Yes,完成短文本翻譯
088BH,1,11,Yes,無需翻譯
088CH,1,11,Yes,無需翻譯
088DH,1,11,Yes,無需翻譯
088EH,1,11,Yes,無需翻譯
088FH,1,11,Yes,無需翻譯
0890H,1,11,Yes,無需翻譯
0891H,37,175,Yes,無需翻譯(隨機胡言亂語生成器英文名詞詞庫A)
0892H,43,213,Yes,無需翻譯(隨機胡言亂語生成器英文名詞詞庫B)
0893H,38,322,Yes,無需翻譯(隨機胡言亂語生成器英文形容詞詞庫)
0894H,62,261,Yes,無需翻譯(隨機胡言亂語生成器英文動詞詞庫A)
0895H,47,191,Yes,無需翻譯(隨機胡言亂語生成器英文動詞詞庫B)
0896H,11,153,Yes,無需翻譯(隨機胡言亂語生成器英文介詞/副詞短語詞庫A)
0897H,10,154,Yes,無需翻譯(隨機胡言亂語生成器英文介詞/副詞短語詞庫B)
0898H,39,185,Yes,無需翻譯(隨機胡言亂語生成器英文動物名詞詞庫)
0899H,41,190,Yes,無需翻譯(隨機胡言亂語生成器英文族群名詞詞庫)
089AH,18,144,Yes,無需翻譯(隨機胡言亂語生成器英文暱稱詞庫)
089BH,162,1503,Yes,無需翻譯(隨機英文狂言/句型組合器主函式 Mad Libs)
089CH,1,11,Yes,無需翻譯
089DH,2,43,Yes,完成短文本翻譯
089EH,2,85,Yes,完成短文本翻譯
089FH,3,136,Yes,完成短文本翻譯
08A0H,1,11,Yes,無需翻譯
08A1H,2,24,Yes,完成短文本翻譯
08A2H,8,112,Yes,青春泉水恢復體力與精力浮動台詞腳本
08A3H,1,11,Yes,無需翻譯
08A4H,8,111,Yes,快樂泉水美妙神奇感覺浮動台詞腳本
08A5H,3,35,Yes,完成短文本翻譯
08A6H,1,11,Yes,無需翻譯
08A7H,1,11,Yes,無需翻譯
08A8H,1,11,Yes,無需翻譯
08A9H,1,11,Yes,無需翻譯
08AAH,1,11,Yes,無需翻譯
08ABH,1,11,Yes,無需翻譯
08ACH,4,27,Yes,無需翻譯
08ADH,27,375,Yes,食物進食與飽足感/飢餓反應對話與浮動台詞腳本
08AEH,1,11,Yes,無需翻譯
08AFH,1,11,Yes,無需翻譯
08B0H,1,11,Yes,無需翻譯
08B1H,1,11,Yes,無需翻譯
08B2H,1,11,Yes,無需翻譯
08B3H,4,73,Yes,無需翻譯
08B4H,1,11,Yes,無需翻譯
08B5H,1,11,Yes,無需翻譯
08B6H,1,11,Yes,無需翻譯
08B7H,1,11,Yes,無需翻譯
08B8H,1,11,Yes,無需翻譯
08B9H,1,11,Yes,無需翻譯
08BAH,8,57,Yes,Morghrim 召喚猛獸水晶球對話與召喚台詞腳本
08BBH,6,127,Yes,被囚禁幽靈呼救浮動台詞腳本
08BCH,2,30,Yes,完成短文本翻譯
08BDH,1,11,Yes,無需翻譯
08BEH,1,11,Yes,無需翻譯
08BFH,4,64,Yes,咒語吟唱與機關解謎觸發腳本
08C0H,1,11,Yes,無需翻譯
08C1H,1,11,Yes,無需翻譯
08C2H,1,11,Yes,無需翻譯
08C3H,1,11,Yes,無需翻譯
08C4H,1,11,Yes,無需翻譯
08C5H,1,11,Yes,無需翻譯
08C6H,1,11,Yes,無需翻譯
08C7H,1,11,Yes,無需翻譯
08C8H,1,11,Yes,無需翻譯
08C9H,1,11,Yes,無需翻譯
08CAH,12,249,Yes,墓地/幽靈獻花與悼念浮動台詞腳本
08CBH,2,26,Yes,完成短文本翻譯
08CCH,1,11,Yes,無需翻譯
08CDH,4,96,Yes,完成短文本翻譯
08CEH,1,11,Yes,無需翻譯
08CFH,1,11,Yes,無需翻譯
08D0H,2,30,Yes,完成短文本翻譯
08D1H,2,25,Yes,完成短文本翻譯
08D2H,3,59,Yes,完成短文本翻譯
08D3H,1,11,Yes,無需翻譯
08D4H,3,54,Yes,完成短文本翻譯
08D5H,2,28,Yes,完成短文本翻譯
08D6H,2,25,Yes,完成短文本翻譯
08D7H,3,56,Yes,完成短文本翻譯
08D8H,1,11,Yes,無需翻譯
08D9H,5,190,Yes,完成短文本翻譯
08DAH,8,118,Yes,拉桿/開關與密室機關互動對話與浮動台詞腳本
08DBH,8,35,Yes,Dupre 於熔爐火葬場自我犧牲拯救世界過場對話腳本
08DCH,1,11,Yes,無需翻譯
08DDH,1,11,Yes,無需翻譯
08DEH,1,11,Yes,無需翻譯
08DFH,1,11,Yes,無需翻譯
08E0H,1,11,Yes,無需翻譯
08E1H,1,11,Yes,無需翻譯
08E2H,1,11,Yes,無需翻譯
08E3H,4,36,Yes,完成短文本翻譯
08E4H,2,21,Yes,完成短文本翻譯
08E5H,1,11,Yes,無需翻譯
08E6H,1,11,Yes,無需翻譯
08E7H,1,11,Yes,無需翻譯
08E8H,1,11,Yes,無需翻譯
08E9H,1,11,Yes,無需翻譯
08EAH,1,11,Yes,無需翻譯
08EBH,1,11,Yes,無需翻譯
08ECH,2,34,Yes,完成短文本翻譯
08EDH,27,85,Yes,騎士授封晚宴詢問騎士考驗異狀對話腳本
08EEH,1,11,Yes,無需翻譯
08EFH,3,12,Yes,無需翻譯
08F0H,8,28,Yes,騎士授封晚宴準備與提醒對話腳本
08F1H,1,11,Yes,無需翻譯
08F2H,1,11,Yes,無需翻譯
08F3H,1,11,Yes,無需翻譯
08F4H,1,11,Yes,無需翻譯
08F5H,5,13,Yes,無需翻譯
08F6H,1,11,Yes,無需翻譯
08F7H,1,11,Yes,無需翻譯
08F8H,1,11,Yes,無需翻譯
08F9H,1,11,Yes,無需翻譯
08FAH,5,13,Yes,無需翻譯
08FBH,1,11,Yes,無需翻譯
08FCH,1,11,Yes,無需翻譯
08FDH,12,78,Yes,隊友/同伴英文名稱陣列（無需翻譯，輔助函式）
08FEH,8,81,Yes,同伴與 NPC 復活重獲新生/拯救失敗對話腳本
08FFH,3,27,Yes,無需翻譯
0900H,1,11,Yes,無需翻譯
0901H,1,11,Yes,無需翻譯
0902H,1,11,Yes,無需翻譯
0903H,2,38,Yes,完成短文本翻譯
0904H,2,17,Yes,完成短文本翻譯
0905H,2,27,Yes,完成短文本翻譯
0906H,1,11,Yes,無需翻譯
0907H,2,16,Yes,完成短文本翻譯
0908H,1,11,Yes,無需翻譯
0909H,1,11,Yes,無需翻譯
090AH,1,11,Yes,無需翻譯
090BH,1,11,Yes,無需翻譯
090CH,1,11,Yes,無需翻譯
090DH,1,11,Yes,無需翻譯
090EH,1,11,Yes,無需翻譯
090FH,1,11,Yes,無需翻譯
0910H,1,11,Yes,無需翻譯
0911H,1,11,Yes,無需翻譯
0912H,1,11,Yes,無需翻譯
0913H,1,11,Yes,無需翻譯
0914H,1,11,Yes,無需翻譯
0915H,1,11,Yes,無需翻譯
0916H,1,11,Yes,無需翻譯
0917H,1,11,Yes,無需翻譯
0918H,2,83,Yes,完成短文本翻譯
0919H,3,35,Yes,完成短文本翻譯
091AH,3,12,Yes,無需翻譯
091BH,5,13,Yes,無需翻譯
091CH,5,13,Yes,無需翻譯
091DH,3,38,Yes,完成短文本翻譯
091EH,1,11,Yes,無需翻譯
091FH,1,11,Yes,無需翻譯
0920H,1,11,Yes,無需翻譯
0921H,2,37,Yes,無需翻譯 (魔法咒語)
0922H,1,11,Yes,無需翻譯
0923H,1,11,Yes,無需翻譯
0924H,1,11,Yes,無需翻譯
0925H,1,11,Yes,無需翻譯
0926H,5,70,Yes,完成短文本翻譯
0927H,8,119,Yes,浴室/旅店親密互動浮動台詞腳本
0928H,1,11,Yes,無需翻譯
0929H,1,11,Yes,無需翻譯
092AH,1,11,Yes,無需翻譯
092BH,1,11,Yes,無需翻譯
092CH,1,11,Yes,無需翻譯
092DH,1,11,Yes,無需翻譯
092EH,1,11,Yes,無需翻譯
092FH,45,33,Yes,無需翻譯(Usecode 內部 Debug 錯誤訊息)
0930H,1,11,Yes,無需翻譯
0931H,5,51,Yes,無需翻譯
0932H,1,11,Yes,無需翻譯
0933H,33,27,Yes,通用NPC訓練師訓練條件判定（金錢/經驗/能力上限）對話腳本
0934H,1,11,Yes,無需翻譯
0935H,36,94,Yes,騎士考驗（Test of Knighthood）偏好武器選擇與發放對話腳本
0936H,48,308,Yes,蒙利多騎士切磋/考驗對決勝負結果與歡呼對話腳本
0937H,1,11,Yes,無需翻譯
0938H,2,49,Yes,無需翻譯
0939H,13,95,Yes,幼鹿城審判開庭過場與宣告動畫腳本
093AH,149,1207,Yes,幼鹿城審判完整庭審過場與無罪/有罪/揭發陰謀對話腳本
093BH,106,747,Yes,幼鹿城審判檢控質詢與證人傳喚過場對話腳本
093CH,8,114,Yes,幼鹿城審判召喚被告/證人上前之呼喚台詞腳本
093DH,1,11,Yes,無需翻譯
093EH,1,11,Yes,無需翻譯
093FH,1,11,Yes,無需翻譯
0940H,1,11,Yes,無需翻譯
0941H,1,11,Yes,無需翻譯
0942H,1,11,Yes,無需翻譯
0943H,1,11,Yes,無需翻譯
0944H,1,11,Yes,無需翻譯
0945H,1,11,Yes,無需翻譯
0946H,1,11,Yes,無需翻譯
0947H,1,11,Yes,無需翻譯
0948H,1,11,Yes,無需翻譯
0949H,1,11,Yes,無需翻譯
094AH,1,11,Yes,無需翻譯
094BH,1,11,Yes,無需翻譯
094CH,1,11,Yes,無需翻譯
094DH,1,11,Yes,無需翻譯
094EH,7,13,Yes,NPC頭像對話/擬聲詞（咕嚕）顯示工具函式
094FH,2,18,Yes,完成短文本翻譯
0950H,1,11,Yes,無需翻譯
0951H,1,11,Yes,無需翻譯
0952H,1,11,Yes,無需翻譯
0953H,1,11,Yes,無需翻譯
0954H,3,23,Yes,無需翻譯
0955H,5,21,Yes,完成短文本翻譯
0956H,1,11,Yes,無需翻譯
0957H,1,11,Yes,無需翻譯
0958H,2,17,Yes,完成短文本翻譯
0959H,2,17,Yes,完成短文本翻譯
095AH,2,17,Yes,完成短文本翻譯
095BH,1,11,Yes,無需翻譯
095CH,1,11,Yes,無需翻譯
095DH,1,11,Yes,無需翻譯
095EH,1,11,Yes,無需翻譯
095FH,1,11,Yes,無需翻譯
0960H,1,11,Yes,無需翻譯
0961H,1,11,Yes,無需翻譯
0962H,1,11,Yes,無需翻譯
0963H,1,11,Yes,無需翻譯
0964H,1,11,Yes,無需翻譯
0965H,10,25,Yes,友誼會（Fellowship）背景與創辦緣起介紹
0966H,11,16,Yes,友誼會三位一體（Triad of Inner Strength）理念詳解與加入邀請
0967H,7,33,Yes,商販物品售價說明字串組合工具函式
0968H,5,30,Yes,完成短文本翻譯
0969H,8,45,Yes,治療傷口與健康檢查輔助函式對話
096AH,5,13,Yes,無需翻譯
096BH,5,13,Yes,無需翻譯
096CH,3,12,Yes,無需翻譯
096DH,8,20,Yes,訓練師詢問受訓隊員之對話與選單
096EH,1,11,Yes,無需翻譯
096FH,1,11,Yes,無需翻譯
0970H,3,12,Yes,無需翻譯
0971H,1,11,Yes,無需翻譯
0972H,1,11,Yes,無需翻譯
0973H,21,339,Yes,飲料容器互動腳本（飲用空杯/裝滿液體杯之提示與同伴浮動台詞）
0974H,21,338,Yes,飲料容器互動腳本（依品質判斷液體種類之飲用提示與同伴浮動台詞）
0975H,3,128,Yes,完成短文本翻譯
0976H,1,11,Yes,無需翻譯
0977H,1,11,Yes,無需翻譯
0978H,1,11,Yes,無需翻譯
0979H,1,11,Yes,無需翻譯
097AH,27,508,Yes,NPC隨機日常台詞（按行程分類，含友誼會口號與兒童遊戲）
097BH,19,383,Yes,NPC隨機日常台詞動作描述（按行程分類）
097CH,1,11,Yes,無需翻譯
097DH,1,11,Yes,無需翻譯
097EH,1,11,Yes,無需翻譯
097FH,1,11,Yes,無需翻譯
0980H,1,11,Yes,無需翻譯
0981H,1,11,Yes,無需翻譯
0982H,1,11,Yes,無需翻譯
0983H,1,11,Yes,無需翻譯
0984H,1,11,Yes,無需翻譯
0985H,1,11,Yes,無需翻譯
0986H,1,11,Yes,無需翻譯
0987H,1,11,Yes,無需翻譯
0988H,1,11,Yes,無需翻譯
0989H,1,11,Yes,無需翻譯
098AH,2,16,Yes,完成短文本翻譯
098BH,1,11,Yes,無需翻譯
098CH,33,27,Yes,(Copy Protection Questions) (「根據 Erstam 的著作，...)
098DH,1,11,Yes,無需翻譯
098EH,1,11,Yes,無需翻譯
098FH,1,11,Yes,無需翻譯
0990H,2,59,Yes,無需翻譯
0991H,2,60,Yes,無需翻譯
0992H,5,156,Yes,完成短文本翻譯
0993H,1,11,Yes,無需翻譯
0994H,1,11,Yes,無需翻譯
0995H,1,11,Yes,無需翻譯
0996H,1,11,Yes,無需翻譯
0997H,1,11,Yes,無需翻譯
0998H,1,11,Yes,無需翻譯
0999H,1,11,Yes,無需翻譯
099AH,1,11,Yes,無需翻譯
099BH,13,68,Yes,物品分配工具函式（隊伍物品滿時的提示與放置於地上的對話）
099CH,1,11,Yes,無需翻譯
099DH,1,11,Yes,無需翻譯
099EH,1,11,Yes,無需翻譯
099FH,1,11,Yes,無需翻譯
09A0H,3,87,Yes,無需翻譯
09A1H,1,11,Yes,無需翻譯
09A2H,1,11,Yes,無需翻譯
09A3H,1,11,Yes,無需翻譯
09A4H,1,11,Yes,無需翻譯
09A5H,1,11,Yes,無需翻譯
09A6H,1,11,Yes,無需翻譯
09A7H,1,11,Yes,無需翻譯
09A8H,1,11,Yes,無需翻譯
09A9H,1,11,Yes,無需翻譯
09AAH,1,11,Yes,無需翻譯
09ABH,1,11,Yes,無需翻譯
09ACH,1,11,Yes,無需翻譯
09ADH,1,11,Yes,無需翻譯
09AEH,34,226,Yes,各NPC日常行程與工作干擾對話（包含Bucia與酒館場景）
09AFH,1,11,Yes,無需翻譯
09B0H,43,32,Yes,遊吟詩人吟唱的各種詩歌與故事傳說
09B1H,27,201,Yes,遊吟詩人收取食宿費用的對話
09B2H,1,11,Yes,無需翻譯
09B3H,1,11,Yes,無需翻譯
09B4H,25,87,Yes,同伴等待地點選擇對話腳本
09B5H,1,11,Yes,無需翻譯
09B6H,1,11,Yes,無需翻譯
09B7H,3,32,Yes,完成短文本翻譯
09B8H,1,11,Yes,無需翻譯
09B9H,1,11,Yes,無需翻譯
09BAH,1,11,Yes,無需翻譯
09BBH,1,11,Yes,無需翻譯
09BCH,1,11,Yes,無需翻譯
09BDH,1,11,Yes,無需翻譯
09BEH,7,168,Yes,天氣與風暴互動腳本
09BFH,2,51,Yes,無需翻譯
09C0H,9,199,Yes,殺蟲子時的抱怨與對話
09C1H,1,11,Yes,無需翻譯
